{
  "generated_at": "2025-12-16T14:19:45.959302",
  "methods": [
    "Partition SHAP",
    "LIME",
    "Integrated Gradient",
    "LIME-LLM"
  ],
  "datasets": {
    "sst2": {
      "Partition SHAP": {
        "n": 999,
        "roc_auc": 0.5766196013289037,
        "pr_auc": 0.4132880093451574
      },
      "LIME": {
        "n": 999,
        "roc_auc": 0.5996677740863787,
        "pr_auc": 0.4411186261698994
      },
      "Integrated Gradient": {
        "n": 999,
        "roc_auc": 0.5301020408163266,
        "pr_auc": 0.32486046965339754
      },
      "LIME-LLM": {
        "n": 999,
        "roc_auc": 0.6230719031798767,
        "pr_auc": 0.28114508309034847
      }
    }
  }
}