{
  "generated_at": "2025-12-16T16:11:15.354610",
  "methods": [
    "Partition SHAP",
    "LIME",
    "Integrated Gradient",
    "LIME-LLM"
  ],
  "datasets": {
    "cola": {
      "Partition SHAP": {
        "n": 366,
        "roc_auc": 0.36770403167440074,
        "pr_auc": 0.18338609817671084
      },
      "LIME": {
        "n": 366,
        "roc_auc": 0.3390948954829921,
        "pr_auc": 0.1861560608153525
      },
      "Integrated Gradient": {
        "n": 366,
        "roc_auc": 0.5374430584528929,
        "pr_auc": 0.26658169257399345
      },
      "LIME-LLM": {
        "n": 326,
        "roc_auc": 0.5213871893443066,
        "pr_auc": 0.289682658521778
      }
    },
    "hatexplain": {
      "Partition SHAP": {
        "n": 1263,
        "roc_auc": 0.38636324444878745,
        "pr_auc": 0.27310905036355965
      },
      "LIME": {
        "n": 1263,
        "roc_auc": 0.3478711969236252,
        "pr_auc": 0.2559678598667289
      },
      "Integrated Gradient": {
        "n": 1263,
        "roc_auc": 0.569298906139529,
        "pr_auc": 0.4627487205220473
      },
      "LIME-LLM": {
        "n": 1263,
        "roc_auc": 0.6127113139546246,
        "pr_auc": 0.4281664132570332
      }
    },
    "sst2": {
      "Partition SHAP": {
        "n": 999,
        "roc_auc": 0.5766196013289037,
        "pr_auc": 0.4132880093451574
      },
      "LIME": {
        "n": 999,
        "roc_auc": 0.5996677740863787,
        "pr_auc": 0.4411186261698994
      },
      "Integrated Gradient": {
        "n": 999,
        "roc_auc": 0.5301020408163266,
        "pr_auc": 0.32486046965339754
      },
      "LIME-LLM": {
        "n": 999,
        "roc_auc": 0.7291320598006644,
        "pr_auc": 0.35146290758155263
      }
    }
  }
}