{
  "generated_at": "2025-12-18T19:25:41.439245",
  "methods": [
    "Partition SHAP",
    "LIME",
    "Integrated Gradient",
    "LIME-LLM"
  ],
  "datasets": {
    "cola": {
      "Partition SHAP": {
        "n": 55,
        "roc_auc": 0.4554263565891473,
        "pr_auc": 0.23980846775502934
      },
      "LIME": {
        "n": 55,
        "roc_auc": 0.4554263565891473,
        "pr_auc": 0.22858930926683027
      },
      "Integrated Gradient": {
        "n": 55,
        "roc_auc": 0.5368217054263567,
        "pr_auc": 0.3207610192642132
      },
      "LIME-LLM": {
        "n": 55,
        "roc_auc": 0.5668604651162791,
        "pr_auc": 0.373698265712634
      }
    },
    "hatexplain": {
      "Partition SHAP": {
        "n": 233,
        "roc_auc": 0.35254450638374385,
        "pr_auc": 0.2630696043412988
      },
      "LIME": {
        "n": 233,
        "roc_auc": 0.3039021758676497,
        "pr_auc": 0.2364032743932465
      },
      "Integrated Gradient": {
        "n": 233,
        "roc_auc": 0.545495414493796,
        "pr_auc": 0.4442145283745434
      },
      "LIME-LLM": {
        "n": 233,
        "roc_auc": 0.5542168674698795,
        "pr_auc": 0.3474733369437077
      }
    },
    "sst2": {
      "Partition SHAP": {
        "n": 208,
        "roc_auc": 0.6751453488372093,
        "pr_auc": 0.4564449387648486
      },
      "LIME": {
        "n": 208,
        "roc_auc": 0.7283591731266149,
        "pr_auc": 0.5765524821461635
      },
      "Integrated Gradient": {
        "n": 208,
        "roc_auc": 0.5184108527131782,
        "pr_auc": 0.3052134265523942
      },
      "LIME-LLM": {
        "n": 208,
        "roc_auc": 0.6474483204134367,
        "pr_auc": 0.23368313226447227
      }
    }
  }
}