{
  "generated_at": "2026-01-02T16:28:08.381901",
  "methods": [
    "LIME",
    "Partition SHAP",
    "Integrated Gradient",
    "LIME-LLM"
  ],
  "datasets": {
    "cola": {
      "LIME": {
        "n_samples": 324,
        "n_seeds": 1,
        "roc_auc": 0.2553086419753086,
        "roc_auc_std": 0.0,
        "pr_auc": 0.20998185937649833,
        "pr_auc_std": 0.0
      },
      "Partition SHAP": {
        "n_samples": 324,
        "n_seeds": 1,
        "roc_auc": 0.5444219977553311,
        "roc_auc_std": 0.0,
        "pr_auc": 0.3932403973583393,
        "pr_auc_std": 0.0
      },
      "Integrated Gradient": {
        "n_samples": 324,
        "n_seeds": 1,
        "roc_auc": 0.5396632996632996,
        "roc_auc_std": 0.0,
        "pr_auc": 0.40161264944484965,
        "pr_auc_std": 0.0
      },
      "LIME-LLM": {
        "n_samples": 201,
        "n_seeds": 1,
        "roc_auc": 0.5701743462017435,
        "roc_auc_std": 0.0,
        "pr_auc": 0.3765358722242993,
        "pr_auc_std": 0.0
      }
    },
    "hatexplain": {
      "LIME": {
        "n_samples": 1098,
        "n_seeds": 1,
        "roc_auc": 0.34284485230857475,
        "roc_auc_std": 0.0,
        "pr_auc": 0.23621070814116948,
        "pr_auc_std": 0.0
      },
      "Partition SHAP": {
        "n_samples": 1098,
        "n_seeds": 1,
        "roc_auc": 0.5207874721803721,
        "roc_auc_std": 0.0,
        "pr_auc": 0.41497316865399847,
        "pr_auc_std": 0.0
      },
      "Integrated Gradient": {
        "n_samples": 1098,
        "n_seeds": 1,
        "roc_auc": 0.5794358926717749,
        "roc_auc_std": 0.0,
        "pr_auc": 0.49052746083830645,
        "pr_auc_std": 0.0
      },
      "LIME-LLM": {
        "n_samples": 940,
        "n_seeds": 1,
        "roc_auc": 0.5470423463503049,
        "roc_auc_std": 0.0,
        "pr_auc": 0.34905133292837304,
        "pr_auc_std": 0.0
      }
    },
    "sst2": {
      "LIME": {
        "n_samples": 993,
        "n_seeds": 1,
        "roc_auc": 0.5114086541618332,
        "roc_auc_std": 0.0,
        "pr_auc": 0.3685018010239818,
        "pr_auc_std": 0.0
      },
      "Partition SHAP": {
        "n_samples": 993,
        "n_seeds": 1,
        "roc_auc": 0.5293642889973516,
        "roc_auc_std": 0.0,
        "pr_auc": 0.45479163624802904,
        "pr_auc_std": 0.0
      },
      "Integrated Gradient": {
        "n_samples": 993,
        "n_seeds": 1,
        "roc_auc": 0.665499354330364,
        "roc_auc_std": 0.0,
        "pr_auc": 0.4833777286943671,
        "pr_auc_std": 0.0
      },
      "LIME-LLM": {
        "n_samples": 872,
        "n_seeds": 1,
        "roc_auc": 0.5705188542632067,
        "roc_auc_std": 0.0,
        "pr_auc": 0.2785341912614038,
        "pr_auc_std": 0.0
      }
    }
  }
}