{
  "generated_at": "2026-01-05T23:23:17.064693",
  "methods": [
    "LIME",
    "Partition SHAP",
    "Integrated Gradient",
    "LIME-LLM"
  ],
  "datasets": {
    "cola": {
      "LIME": {
        "n_samples": 324,
        "n_seeds": 30,
        "roc_auc": 0.25477291432846993,
        "roc_auc_std": 0.0023447335787296717,
        "pr_auc": 0.2100145061215795,
        "pr_auc_std": 0.0006419819513133858
      },
      "Partition SHAP": {
        "n_samples": 324,
        "n_seeds": 1,
        "roc_auc": 0.5444219977553311,
        "roc_auc_std": 0.0,
        "pr_auc": 0.3932403973583393,
        "pr_auc_std": 0.0
      },
      "Integrated Gradient": {
        "n_samples": 324,
        "n_seeds": 1,
        "roc_auc": 0.5396632996632996,
        "roc_auc_std": 0.0,
        "pr_auc": 0.40161264944484965,
        "pr_auc_std": 0.0
      },
      "LIME-LLM": {
        "n_samples": 311,
        "n_seeds": 1,
        "roc_auc": 0.5440712242280754,
        "roc_auc_std": 0.0,
        "pr_auc": 0.38878148034401533,
        "pr_auc_std": 0.0
      }
    },
    "hatexplain": {
      "LIME": {
        "n_samples": 1098,
        "n_seeds": 30,
        "roc_auc": 0.3362696588670731,
        "roc_auc_std": 0.003149661568114851,
        "pr_auc": 0.23354896098578729,
        "pr_auc_std": 0.0013629731149359325
      },
      "Partition SHAP": {
        "n_samples": 1098,
        "n_seeds": 1,
        "roc_auc": 0.5207874721803721,
        "roc_auc_std": 0.0,
        "pr_auc": 0.41497316865399847,
        "pr_auc_std": 0.0
      },
      "Integrated Gradient": {
        "n_samples": 1098,
        "n_seeds": 1,
        "roc_auc": 0.5794358926717749,
        "roc_auc_std": 0.0,
        "pr_auc": 0.49052746083830645,
        "pr_auc_std": 0.0
      },
      "LIME-LLM": {
        "n_samples": 1057,
        "n_seeds": 1,
        "roc_auc": 0.6594588443436737,
        "roc_auc_std": 0.0,
        "pr_auc": 0.4524039860759914,
        "pr_auc_std": 0.0
      }
    },
    "sst2": {
      "LIME": {
        "n_samples": 993,
        "n_seeds": 30,
        "roc_auc": 0.5096941641678887,
        "roc_auc_std": 0.0031684353121226518,
        "pr_auc": 0.36599388429330415,
        "pr_auc_std": 0.0030464053699764742
      },
      "Partition SHAP": {
        "n_samples": 993,
        "n_seeds": 1,
        "roc_auc": 0.5293642889973516,
        "roc_auc_std": 0.0,
        "pr_auc": 0.45479163624802904,
        "pr_auc_std": 0.0
      },
      "Integrated Gradient": {
        "n_samples": 993,
        "n_seeds": 1,
        "roc_auc": 0.665499354330364,
        "roc_auc_std": 0.0,
        "pr_auc": 0.4833777286943671,
        "pr_auc_std": 0.0
      },
      "LIME-LLM": {
        "n_samples": 993,
        "n_seeds": 1,
        "roc_auc": 0.6818216638578213,
        "roc_auc_std": 0.0,
        "pr_auc": 0.388197793183068,
        "pr_auc_std": 0.0
      }
    }
  }
}